{"raw_mean": 10.155218124389648, "raw_sigma": 0.21065834164619446, "noise_temperature": 101.55218124389648, "mode": "polyco", "MJD": 60667.098538941296, "period": 0.7145487049195228, "hist_baseline": 10.158570844750082, "hist_sigma": 0.0010715979649071662, "best_signal": 118.85224771113201, "best_sigma": 11.09112294006907, "roll": 21}