{"raw_mean": 14.191641807556152, "raw_sigma": 0.2092602699995041, "noise_temperature": 141.91641807556152, "mode": "polyco", "MJD": 60655.13149997851, "period": 0.7145370413740992, "hist_baseline": 14.203774335393932, "hist_sigma": 0.0011777988288069956, "best_signal": 129.08740470606972, "best_sigma": 10.960055448248633, "roll": -12}