{"raw_mean": 9.81792163848877, "raw_sigma": 0.13397552073001862, "noise_temperature": 98.1792163848877, "mode": "polyco", "MJD": 60669.093162744815, "period": 0.7145505605405587, "hist_baseline": 9.817858126167568, "hist_sigma": 0.0011456532354737277, "best_signal": 47.03731781418696, "best_sigma": 4.105720331225445, "roll": 25}