{"raw_mean": 9.705665588378906, "raw_sigma": 0.1341644674539566, "noise_temperature": 97.05665588378906, "mode": "scan", "MJD": 60668.095736025614, "hist_baseline": 0.000631192932840769, "hist_sigma": 0.0007269469986149236, "best_signal": 242.59371677224226, "best_sigma": 33.371582417213936, "period": 0.7145460633403636, "roll": -23}