{"raw_mean": 11.825901985168457, "raw_sigma": 0.1668631136417389, "noise_temperature": 118.25901985168457, "mode": "polyco", "MJD": 60663.1095783442, "period": 0.7145449138436726, "hist_baseline": 11.827177366272615, "hist_sigma": 0.001251810764681153, "best_signal": 56.63705993230295, "best_sigma": 4.5244106801341415, "roll": -5}