{"raw_mean": 11.07353687286377, "raw_sigma": 0.15607888996601105, "noise_temperature": 110.7353687286377, "mode": "polyco", "MJD": 60653.136883873965, "period": 0.7145350276010922, "hist_baseline": 11.072911256906448, "hist_sigma": 0.001323407713113667, "best_signal": 54.295434558895295, "best_sigma": 4.102698965774569, "roll": -7}