{"raw_mean": 11.228875160217285, "raw_sigma": 0.15776312351226807, "noise_temperature": 112.28875160217285, "mode": "polyco", "MJD": 60658.1230872242, "period": 0.714540049729929, "hist_baseline": 11.228732008699545, "hist_sigma": 0.0010117092556564255, "best_signal": 33.03715908772986, "best_sigma": 3.265479573604812, "roll": -15}