{"raw_mean": 11.639728546142578, "raw_sigma": 0.172476664185524, "noise_temperature": 116.39728546142578, "mode": "polyco", "MJD": 60656.12866333033, "period": 0.7145380395279728, "hist_baseline": 11.683051488588406, "hist_sigma": 0.0011282567421315875, "best_signal": 62.72072404351903, "best_sigma": 5.559082583014068, "roll": -16}