{"raw_mean": 11.347207069396973, "raw_sigma": 0.15930671989917755, "noise_temperature": 113.47207069396973, "mode": "polyco", "MJD": 60659.120446779045, "period": 0.7145410328594926, "hist_baseline": 11.348639112213673, "hist_sigma": 0.0014474320941882705, "best_signal": 28.561032565850297, "best_sigma": 1.973220897928722, "roll": -16}