{"raw_mean": 9.067410469055176, "raw_sigma": 0.12433971464633942, "noise_temperature": 90.67410469055176, "mode": "polyco", "MJD": 60672.08498561516, "period": 0.7145532832745614, "hist_baseline": 9.067976755876403, "hist_sigma": 0.0008713803382990373, "best_signal": 130.94039179746275, "best_sigma": 15.02677832426913, "roll": 23}