{"raw_mean": 9.531906127929688, "raw_sigma": 0.1318405568599701, "noise_temperature": 95.31906127929688, "mode": "polyco", "MJD": 60665.10402245866, "period": 0.7145468216524126, "hist_baseline": 9.54080409770254, "hist_sigma": 0.0009342352466268735, "best_signal": 55.70311537846706, "best_sigma": 5.962429225357033, "roll": -14}