{"raw_mean": 9.977662086486816, "raw_sigma": 0.13642199337482452, "noise_temperature": 99.77662086486816, "mode": "polyco", "MJD": 60666.1012128594, "period": 0.7145477663059563, "hist_baseline": 9.979591246948877, "hist_sigma": 0.0008464707771852981, "best_signal": 23.62174406972173, "best_sigma": 2.7906154242287293, "roll": 20}