{"raw_mean": 9.547673225402832, "raw_sigma": 0.13106244802474976, "noise_temperature": 95.47673225402832, "mode": "polyco", "MJD": 60670.09030549661, "period": 0.7145514760679464, "hist_baseline": 9.547255816549647, "hist_sigma": 0.0007266881008989984, "best_signal": 96.20336942944618, "best_sigma": 13.238605298536102, "roll": 17}