{"raw_mean": 9.562705039978027, "raw_sigma": 0.13058724999427795, "noise_temperature": 95.62705039978027, "mode": "polyco", "MJD": 60671.087750551655, "period": 0.7145523844964486, "hist_baseline": 9.56273927731747, "hist_sigma": 0.0010556679086753207, "best_signal": 130.37105969241125, "best_sigma": 12.349628005269594, "roll": 25}