{"raw_mean": 10.78484058380127, "raw_sigma": 0.2833821475505829, "noise_temperature": 107.8484058380127, "mode": "polyco", "MJD": 60661.11492468498, "period": 0.7145429831026744, "hist_baseline": 10.692321324099083, "hist_sigma": 0.0010835596252005942, "best_signal": 25.031363775553928, "best_sigma": 2.310104879638718, "roll": -17}