{"raw_mean": 9.258278846740723, "raw_sigma": 0.12788105010986328, "noise_temperature": 92.58278846740723, "mode": "polyco", "MJD": 60675.076646138055, "period": 0.7145559213801774, "hist_baseline": 9.258791433989073, "hist_sigma": 0.0009147350035350512, "best_signal": 38.04751139171003, "best_sigma": 4.159402585959105, "roll": -20}