{"raw_mean": 11.129212379455566, "raw_sigma": 0.17787720263004303, "noise_temperature": 111.29212379455566, "mode": "polyco", "MJD": 60657.12599936429, "period": 0.7145390330127169, "hist_baseline": 11.153629325507753, "hist_sigma": 0.0009320696950438635, "best_signal": 55.22457265914937, "best_sigma": 5.924940264960603, "roll": 5}