{"raw_mean": 11.126808166503906, "raw_sigma": 0.15704573690891266, "noise_temperature": 111.26808166503906, "mode": "polyco", "MJD": 60660.11764364298, "period": 0.7145420102784169, "hist_baseline": 11.124923225456238, "hist_sigma": 0.0008779732215790944, "best_signal": 16.99421381063715, "best_sigma": 1.935618694619399, "roll": -18}