{"raw_mean": 10.093973159790039, "raw_sigma": 0.15184471011161804, "noise_temperature": 100.93973159790039, "mode": "polyco", "MJD": 60674.07936938717, "period": 0.714555052022218, "hist_baseline": 10.110958867598345, "hist_sigma": 0.0008126265032106184, "best_signal": 130.4626955948862, "best_sigma": 16.054447532715113, "roll": 1}