{"raw_mean": 10.599238395690918, "raw_sigma": 0.14962899684906006, "noise_temperature": 105.99238395690918, "mode": "polyco", "MJD": 60662.11226306756, "period": 0.7145439511347317, "hist_baseline": 10.599592646538877, "hist_sigma": 0.0009674822150912009, "best_signal": 29.113146525858724, "best_sigma": 3.0091660675244905, "roll": -12}