{"raw_mean": 9.623827934265137, "raw_sigma": 0.13440704345703125, "noise_temperature": 96.23827934265137, "mode": "polyco", "MJD": 60681.06037813293, "period": 0.7145608994425108, "hist_baseline": 0.00117750484125537, "hist_sigma": 0.0006696109717105293, "best_signal": 17.357620026322337, "best_sigma": 2.5921946861148477, "roll": -22}