{"raw_mean": 9.655659675598145, "raw_sigma": 0.13185985386371613, "noise_temperature": 96.55659675598145, "mode": "polyco", "MJD": 60680.063187969834, "period": 0.7145600929769452, "hist_baseline": 9.656117615786616, "hist_sigma": 0.0008624433279662951, "best_signal": 63.12815990595411, "best_sigma": 7.3196878981967375, "roll": -19}