{"raw_mean": 9.175708770751953, "raw_sigma": 0.1264309585094452, "noise_temperature": 91.75708770751953, "mode": "polyco", "MJD": 60678.068466494544, "period": 0.7145584611072737, "hist_baseline": 9.178045279179466, "hist_sigma": 0.0008741320510268465, "best_signal": 254.2237055656038, "best_sigma": 29.08298640542538, "roll": -23}