{"raw_mean": 9.09012222290039, "raw_sigma": 0.12428641319274902, "noise_temperature": 90.9012222290039, "mode": "polyco", "MJD": 60676.074068959846, "period": 0.7145567802916887, "hist_baseline": 9.090692218271592, "hist_sigma": 0.0010258840112856078, "best_signal": 54.82581001647446, "best_sigma": 5.3442503648895325, "roll": 2}