{"raw_mean": 10.359478950500488, "raw_sigma": 0.19269239902496338, "noise_temperature": 103.59478950500488, "mode": "polyco", "MJD": 60677.07129355658, "period": 0.7145576268514207, "hist_baseline": 10.357842732858082, "hist_sigma": 0.0010454919040090874, "best_signal": 85.68621347793126, "best_sigma": 8.195779723339347, "roll": -13}