{"freq": 1420400000.0, "srate": 4166666.6666666665, "fft_size": 2048, "decimation_factor": 10000, "t_sample": 4.9152000000000005, "n_chans": 2, "run_mode": "doppler", "target": "galaxy_v2", "az": 0.0439453125, "alt": 80.74951171875, "run_type": "Transit", "RA": 48.066416317765515, "dec": 54.500983616364465, "gLon": 142.51797567341612, "gLat": -2.9257354800305446, "vlsr": -23.859712649786243, "t_start": 1771539539.4227548, "run_time": 595.0894436836243}