{"raw_mean": 11.639728546142578, "raw_sigma": 0.172476664185524, "noise_temperature": 116.39728546142578, "mode": "polyco", "MJD": 60656.12866333033, "period": 0.7145380520827735, "hist_baseline": 11.639552905004518, "hist_sigma": 0.0008598378159783811, "best_signal": 50.529147365363514, "best_sigma": 5.876590494902584, "roll": -10}