{"raw_mean": 10.599238395690918, "raw_sigma": 0.14962899684906006, "noise_temperature": 105.99238395690918, "mode": "polyco", "MJD": 60662.11226306756, "period": 0.7145439636527672, "hist_baseline": 10.599240557287688, "hist_sigma": 0.0005444164005424881, "best_signal": 15.33815270827077, "best_sigma": 2.81735684174594, "roll": -6}