{"raw_mean": 9.547673225402832, "raw_sigma": 0.13106244802474976, "noise_temperature": 95.47673225402832, "mode": "polyco", "MJD": 60670.09030549661, "period": 0.7145514878777135, "hist_baseline": 9.547446247978005, "hist_sigma": 0.0006247099334099619, "best_signal": 60.50629342592373, "best_sigma": 9.685502053033124, "roll": 23}