{"raw_mean": 11.228875160217285, "raw_sigma": 0.15776312351226807, "noise_temperature": 112.28875160217285, "mode": "polyco", "MJD": 60658.1230872242, "period": 0.714540062594187, "hist_baseline": 11.228699109720143, "hist_sigma": 0.0007337306844904009, "best_signal": 28.47532611237824, "best_sigma": 3.8808961808862135, "roll": -10}