{"raw_mean": 14.191641807556152, "raw_sigma": 0.2092602699995041, "noise_temperature": 141.91641807556152, "mode": "polyco", "MJD": 60655.13149997851, "period": 0.7145370538686121, "hist_baseline": 14.191370100941903, "hist_sigma": 0.0007301624171531621, "best_signal": 68.02955180534198, "best_sigma": 9.31704374358011, "roll": -6}