{"raw_mean": 10.155218124389648, "raw_sigma": 0.21065834164619446, "noise_temperature": 101.55218124389648, "mode": "polyco", "MJD": 60667.098538941296, "period": 0.7145487169967981, "hist_baseline": 10.150843015034212, "hist_sigma": 0.0007470258132370958, "best_signal": 69.78325376111982, "best_sigma": 9.341478236036746, "roll": -23}