{"raw_mean": 9.81792163848877, "raw_sigma": 0.13397552073001862, "noise_temperature": 98.1792163848877, "mode": "polyco", "MJD": 60669.093162744815, "period": 0.7145505724428419, "hist_baseline": 9.817804931811578, "hist_sigma": 0.0006802469416998334, "best_signal": 36.205648992400086, "best_sigma": 5.3224273088134275, "roll": -18}