{"raw_mean": 10.78484058380127, "raw_sigma": 0.2833821475505829, "noise_temperature": 107.8484058380127, "mode": "polyco", "MJD": 60661.11492468498, "period": 0.7145429957054685, "hist_baseline": 10.784804340206456, "hist_sigma": 0.0008219905160955401, "best_signal": 16.591605220188654, "best_sigma": 2.018466745699072, "roll": 5}