{"raw_mean": 9.977662086486816, "raw_sigma": 0.13642199337482452, "noise_temperature": 99.77662086486816, "mode": "polyco", "MJD": 60666.1012128594, "period": 0.7145477784698492, "hist_baseline": 9.977550281372292, "hist_sigma": 0.0006553154475833413, "best_signal": 26.38599366946437, "best_sigma": 4.0264568410175725, "roll": 1}