{"raw_mean": 9.258278846740723, "raw_sigma": 0.12788105010986328, "noise_temperature": 92.58278846740723, "mode": "polyco", "MJD": 60675.076646138055, "period": 0.7145559327414974, "hist_baseline": 9.258104362935907, "hist_sigma": 0.0006263917969313376, "best_signal": 27.785839874994167, "best_sigma": 4.435856282140926, "roll": -14}