{"raw_mean": 11.129212379455566, "raw_sigma": 0.17787720263004303, "noise_temperature": 111.29212379455566, "mode": "polyco", "MJD": 60657.12599936429, "period": 0.7145390456231032, "hist_baseline": 11.129095564632491, "hist_sigma": 0.0006795444936348474, "best_signal": 39.34011830066808, "best_sigma": 5.789189474590527, "roll": 11}