{"raw_mean": 9.562705039978027, "raw_sigma": 0.13058724999427795, "noise_temperature": 95.62705039978027, "mode": "polyco", "MJD": 60671.087750551655, "period": 0.7145523962217316, "hist_baseline": 9.562530270022116, "hist_sigma": 0.0005629288632855708, "best_signal": 78.74210499551282, "best_sigma": 13.987931714129813, "roll": -19}