{"raw_mean": 11.126808166503906, "raw_sigma": 0.15704573690891266, "noise_temperature": 111.26808166503906, "mode": "polyco", "MJD": 60660.11764364298, "period": 0.7145420229679185, "hist_baseline": 11.126717904859369, "hist_sigma": 0.0007425426617678829, "best_signal": 19.080748510162948, "best_sigma": 2.5696501349477407, "roll": -20}