{"raw_mean": 9.531906127929688, "raw_sigma": 0.1318405568599701, "noise_temperature": 95.31906127929688, "mode": "polyco", "MJD": 60665.10402245866, "period": 0.7145468339066953, "hist_baseline": 9.531787384619324, "hist_sigma": 0.0007285067346284067, "best_signal": 36.351611117666494, "best_sigma": 4.98987989949174, "roll": -8}