{"raw_mean": 10.093973159790039, "raw_sigma": 0.15184471011161804, "noise_temperature": 100.93973159790039, "mode": "polyco", "MJD": 60674.07936938717, "period": 0.7145550634735561, "hist_baseline": 10.093572836555616, "hist_sigma": 0.0006622526902276853, "best_signal": 123.63544248994884, "best_sigma": 18.66892265057352, "roll": 7}