{"raw_mean": 9.705665588378906, "raw_sigma": 0.1341644674539566, "noise_temperature": 97.05665588378906, "mode": "polyco", "MJD": 60668.095736025614, "period": 0.7145496479653101, "hist_baseline": 9.704737862159039, "hist_sigma": 0.0007998657988232424, "best_signal": 192.35279545073425, "best_sigma": 24.048133541116833, "roll": 17}