{"raw_mean": 11.825901985168457, "raw_sigma": 0.1668631136417389, "noise_temperature": 118.25901985168457, "mode": "polyco", "MJD": 60663.1095783442, "period": 0.714544926276025, "hist_baseline": 11.825790978448412, "hist_sigma": 0.0007819089641127959, "best_signal": 35.64180519045834, "best_sigma": 4.5583062512782195, "roll": 1}