{"raw_mean": 11.347207069396973, "raw_sigma": 0.15930671989917755, "noise_temperature": 113.47207069396973, "mode": "polyco", "MJD": 60659.120446779045, "period": 0.7145410456389039, "hist_baseline": 11.347166567429054, "hist_sigma": 0.00105240608945148, "best_signal": 20.86797283368469, "best_sigma": 1.9828821823485643, "roll": 23}