{"raw_mean": 9.067410469055176, "raw_sigma": 0.12433971464633942, "noise_temperature": 90.67410469055176, "mode": "polyco", "MJD": 60672.08498561516, "period": 0.7145532949094521, "hist_baseline": 9.06707819134032, "hist_sigma": 0.0006643466975781565, "best_signal": 64.84537527013501, "best_sigma": 9.76077332912554, "roll": -20}