{"raw_mean": 11.07353687286377, "raw_sigma": 0.15607888996601105, "noise_temperature": 110.7353687286377, "mode": "polyco", "MJD": 60653.136883873965, "period": 0.7145350399855228, "hist_baseline": 11.0733540871668, "hist_sigma": 0.0008365580118845034, "best_signal": 43.75530429884478, "best_sigma": 5.230396897434258, "roll": -1}