{"raw_mean": 9.655659675598145, "raw_sigma": 0.13185985386371613, "noise_temperature": 96.55659675598145, "mode": "polyco", "MJD": 60680.063187969834, "period": 0.7145601038916382, "hist_baseline": 9.65545726033174, "hist_sigma": 0.0005878253144003563, "best_signal": 49.970437247566224, "best_sigma": 8.50089916568859, "roll": -12}