{"raw_mean": 9.09012222290039, "raw_sigma": 0.12428641319274902, "noise_temperature": 90.9012222290039, "mode": "polyco", "MJD": 60676.074068959846, "period": 0.7145567915661388, "hist_baseline": 9.090022113548203, "hist_sigma": 0.0006484281508568129, "best_signal": 21.068748574677443, "best_sigma": 3.2492032535660043, "roll": 8}