{"raw_mean": 10.359478950500488, "raw_sigma": 0.19269239902496338, "noise_temperature": 103.59478950500488, "mode": "polyco", "MJD": 60677.07129355658, "period": 0.7145576380342373, "hist_baseline": 10.357853452697505, "hist_sigma": 0.0006611099351559177, "best_signal": 83.60668012198147, "best_sigma": 12.646411084756044, "roll": -7}