{"raw_mean": 9.623827934265137, "raw_sigma": 0.13440704345703125, "noise_temperature": 96.23827934265137, "mode": "polyco", "MJD": 60681.06037813293, "period": 0.7145608994425108, "hist_baseline": 9.623767698451765, "hist_sigma": 0.0006747979318501307, "best_signal": 18.493000392698633, "best_sigma": 2.740524165804029, "roll": -22}