{"raw_mean": 9.175708770751953, "raw_sigma": 0.1264309585094452, "noise_temperature": 91.75708770751953, "mode": "polyco", "MJD": 60678.068466494544, "period": 0.7145584721975283, "hist_baseline": 9.175132141781326, "hist_sigma": 0.0005794412780352282, "best_signal": 136.40976321269704, "best_sigma": 23.54160264095023, "roll": -16}