{"freq": 1416400000.0, "srate": 20833333.333333332, "fft_size": 32, "decimation_factor": 250, "t_sample": 0.000384, "n_chans": 2, "run_mode": "pulsar", "target": "J0332+5434", "az": 359.97802734375, "alt": 80.74951171875, "run_type": "Transit", "RA": 51.03907512023461, "dec": 54.51142772016903, "gLon": 143.9748296055064, "gLat": -1.998278184783452, "vlsr": -12.364555851277983, "t_start": 1735179002.3949072, "run_time": 960.0024185180664}