{"freq": 1420400000.0, "srate": 20833333.333333332, "fft_size": 32, "decimation_factor": 250, "t_sample": 0.000384, "n_chans": 2, "run_mode": "pulsar", "target": "J0332+5434", "az": 0.087890625, "alt": 80.74951171875, "run_type": "Transit", "RA": 51.077747524471185, "dec": 54.51209650985075, "gLon": 143.99321216009903, "gLat": -1.9853564276078794, "vlsr": -7.63287415851305, "t_start": 1734145034.7361708, "run_time": 961.0020999908447}