{"freq": 1416400000.0, "srate": 20833333.333333332, "fft_size": 32, "decimation_factor": 250, "t_sample": 0.000384, "n_chans": 2, "run_mode": "pulsar", "target": "J0332+5434", "az": 359.97802734375, "alt": 80.771484375, "run_type": "Transit", "RA": 51.065855469743575, "dec": 54.48968785855734, "gLon": 143.99979681450984, "gLat": -2.00786264728914, "vlsr": -10.452408690138478, "t_start": 1734748187.5404284, "run_time": 961.0023803710938}