{"freq": 1416400000.0, "srate": 20833333.333333332, "fft_size": 32, "decimation_factor": 250, "t_sample": 0.000384, "n_chans": 2, "run_mode": "pulsar", "target": "J0332+5434", "az": 0.02197265625, "alt": 80.771484375, "run_type": "Transit", "RA": 51.04849157376294, "dec": 54.4896084652465, "gLon": 143.9914166229319, "gLat": -2.0134830475696464, "vlsr": -10.845171412610021, "t_start": 1734834344.7910519, "run_time": 961.0025482177734}