{"freq": 1420400000.0, "srate": 20833333.333333332, "fft_size": 32, "decimation_factor": 250, "t_sample": 0.000384, "n_chans": 2, "run_mode": "pulsar", "target": "J0332+5434", "az": 359.97802734375, "alt": 80.74951171875, "run_type": "Transit", "RA": 51.09971068772438, "dec": 54.51184213657094, "gLon": 144.00399848428106, "gLat": -1.9785424566911425, "vlsr": -9.646193213092088, "t_start": 1734575867.568939, "run_time": 961.0022234916687}