{"freq": 1420400000.0, "srate": 20833333.333333332, "fft_size": 32, "decimation_factor": 250, "t_sample": 0.000384, "n_chans": 2, "run_mode": "pulsar", "target": "J0332+5434", "az": 0.02197265625, "alt": 80.74951171875, "run_type": "Transit", "RA": 51.07088177931227, "dec": 54.511915450661505, "gLon": 143.9899835087418, "gLat": -1.9877032591386987, "vlsr": -8.850488974284314, "t_start": 1734403529.4927828, "run_time": 961.002094745636}