{"freq": 1416400000.0, "srate": 20833333.333333332, "fft_size": 32, "decimation_factor": 250, "t_sample": 0.000384, "n_chans": 2, "run_mode": "pulsar", "target": "J0332+5434", "az": 359.97802734375, "alt": 80.771484375, "run_type": "Transit", "RA": 51.08540449528537, "dec": 54.489571022313626, "gLon": 144.00934355062728, "gLat": -2.001704535126136, "vlsr": -11.994246755807431, "t_start": 1735092849.2611525, "run_time": 960.002411365509}