{"freq": 1420400000.0, "srate": 20833333.333333332, "fft_size": 32, "decimation_factor": 250, "t_sample": 0.000384, "n_chans": 2, "run_mode": "pulsar", "target": "J0332+5434", "az": 359.97802734375, "alt": 80.74951171875, "run_type": "Transit", "RA": 51.050734304750904, "dec": 54.51194153217781, "gLon": 143.98020050525054, "gLat": -1.9941229218421528, "vlsr": -8.450145859995647, "t_start": 1734317364.410754, "run_time": 960.0024402141571}