{"freq": 1420400000.0, "srate": 20833333.333333332, "fft_size": 32, "decimation_factor": 250, "t_sample": 0.000384, "n_chans": 2, "run_mode": "pulsar", "target": "J0332+5434", "az": 359.97802734375, "alt": 80.771484375, "run_type": "Transit", "RA": 51.08043084286369, "dec": 54.490081476312184, "gLon": 144.0066498135498, "gLat": -2.0028703564269197, "vlsr": -8.05224186456344, "t_start": 1734231206.6017094, "run_time": 961.0022714138031}