{"freq": 1420400000.0, "srate": 20833333.333333332, "fft_size": 32, "decimation_factor": 250, "t_sample": 0.000384, "n_chans": 2, "run_mode": "pulsar", "target": "J0332+5434", "az": 0.087890625, "alt": 80.7275390625, "run_type": "Transit", "RA": 51.15802641352791, "dec": 54.534357517011685, "gLon": 144.0198210970823, "gLat": -1.9410943328661276, "vlsr": -6.3714947070942705, "t_start": 1733886561.5981429, "run_time": 961.0029096603394}