{"freq": 1416400000.0, "srate": 20833333.333333332, "fft_size": 32, "decimation_factor": 250, "t_sample": 0.000384, "n_chans": 2, "run_mode": "pulsar", "target": "J0332+5434", "az": 359.97802734375, "alt": 80.771484375, "run_type": "Transit", "RA": 51.05687700795225, "dec": 54.48958450870806, "gLon": 143.9954981245206, "gLat": -2.0108210864755307, "vlsr": -11.231836617384959, "t_start": 1734920513.7645283, "run_time": 961.0022299289703}