{"freq": 1416400000.0, "srate": 20833333.333333332, "fft_size": 32, "decimation_factor": 250, "t_sample": 0.000384, "n_chans": 2, "run_mode": "pulsar", "target": "J0332+5434", "az": 359.97802734375, "alt": 80.74951171875, "run_type": "Transit", "RA": 51.105433938606645, "dec": 54.51152248654538, "gLon": 144.00694862958596, "gLat": -1.976977662567845, "vlsr": -12.731275112407689, "t_start": 1735265181.6476626, "run_time": 961.00230717659}