{"freq": 1420400000.0, "srate": 20833333.333333332, "fft_size": 32, "decimation_factor": 250, "t_sample": 0.000384, "n_chans": 2, "run_mode": "pulsar", "target": "J0332+5434", "az": 0.087890625, "alt": 80.74951171875, "run_type": "Transit", "RA": 51.1296182378537, "dec": 54.51241203701604, "gLon": 144.01817723375186, "gLat": -1.9684938771155764, "vlsr": -5.549999718995432, "t_start": 1733714226.7667108, "run_time": 961.0023429393768}