{"freq": 1420400000.0, "srate": 20833333.333333332, "fft_size": 32, "decimation_factor": 250, "t_sample": 0.000384, "n_chans": 2, "run_mode": "pulsar", "target": "J0332+5434", "az": 0.087890625, "alt": 80.7275390625, "run_type": "Transit", "RA": 51.12013825492942, "dec": 54.534245011683254, "gLon": 144.00153710206874, "gLat": -1.9533156023098097, "vlsr": -6.79225501997511, "t_start": 1733972716.5117407, "run_time": 961.0024993419647}