{"freq": 1420400000.0, "srate": 20833333.333333332, "fft_size": 32, "decimation_factor": 250, "t_sample": 0.000384, "n_chans": 2, "run_mode": "pulsar", "target": "J0332+5434", "az": 0.02197265625, "alt": 80.74951171875, "run_type": "Transit", "RA": 51.095544746929036, "dec": 54.51189736217384, "gLon": 144.00194886797357, "gLat": -1.9798293668698455, "vlsr": -9.248072558035666, "t_start": 1734489699.5290372, "run_time": 961.0026707649231}