{"freq": 1416400000.0, "srate": 20833333.333333332, "fft_size": 32, "decimation_factor": 250, "t_sample": 0.000384, "n_chans": 2, "run_mode": "pulsar", "target": "J0332+5434", "az": 0.0439453125, "alt": 80.74951171875, "run_type": "Transit", "RA": 51.05598003318162, "dec": 54.51130127850519, "gLon": 143.98309689375415, "gLat": -1.9929804995455163, "vlsr": -13.834160210041725, "t_start": 1735523657.5150516, "run_time": 961.0025453567505}