{"freq": 1420400000.0, "srate": 20833333.333333332, "fft_size": 32, "decimation_factor": 250, "t_sample": 0.000384, "n_chans": 2, "run_mode": "pulsar", "target": "J0332+5434", "az": 0.087890625, "alt": 80.74951171875, "run_type": "Transit", "RA": 51.14065897145866, "dec": 54.51226514038064, "gLon": 144.0236075413257, "gLat": -1.965080794682064, "vlsr": -7.21336566989182, "t_start": 1734058886.345075, "run_time": 960.002393245697}