{"freq": 1416400000.0, "srate": 20833333.333333332, "fft_size": 32, "decimation_factor": 250, "t_sample": 0.000384, "n_chans": 2, "run_mode": "pulsar", "target": "J0332+5434", "az": 0.0439453125, "alt": 80.7275390625, "run_type": "Transit", "RA": 51.055559836981296, "dec": 54.53322746944504, "gLon": 143.97081206383197, "gLat": -1.974812364087841, "vlsr": -14.178349113078774, "t_start": 1735609822.226328, "run_time": 960.0020864009857}