{"freq": 1416400000.0, "srate": 20833333.333333332, "fft_size": 32, "decimation_factor": 250, "t_sample": 0.000384, "n_chans": 2, "run_mode": "pulsar", "target": "J0332+5434", "az": 359.97802734375, "alt": 80.771484375, "run_type": "Transit", "RA": 51.092732423447515, "dec": 54.48948359656203, "gLon": 144.01294574016123, "gLat": -1.9994318785980219, "vlsr": -13.115569670277438, "t_start": 1735351342.75715, "run_time": 961.0019772052765}