{"freq": 1416400000.0, "srate": 20833333.333333332, "fft_size": 32, "decimation_factor": 250, "t_sample": 0.000384, "n_chans": 2, "run_mode": "pulsar", "target": "J0332+5434", "az": 359.97802734375, "alt": 80.74951171875, "run_type": "Transit", "RA": 51.03139877300561, "dec": 54.51147781500046, "gLon": 143.971079117004, "gLat": -2.0006892471164934, "vlsr": -11.606843288477343, "t_start": 1735006671.5926127, "run_time": 961.0023736953735}