{"freq": 1416400000.0, "srate": 20833333.333333332, "fft_size": 32, "decimation_factor": 250, "t_sample": 0.000384, "n_chans": 2, "run_mode": "pulsar", "target": "J0332+5434", "az": 0.0439453125, "alt": 80.74951171875, "run_type": "Transit", "RA": 51.08332241980288, "dec": 54.51105951153738, "gLon": 143.99648637766506, "gLat": -1.9844386716165556, "vlsr": -15.898217539633832, "t_start": 1736040659.4405937, "run_time": 961.0036170482635}