{"freq": 1416400000.0, "srate": 20833333.333333332, "fft_size": 32, "decimation_factor": 250, "t_sample": 0.000384, "n_chans": 2, "run_mode": "pulsar", "target": "J0332+5434", "az": 0.0439453125, "alt": 80.74951171875, "run_type": "Transit", "RA": 51.11368805560798, "dec": 54.51130738440641, "gLon": 144.011067495266, "gLat": -1.9745153022972102, "vlsr": -14.538326847050998, "t_start": 1735695999.5581305, "run_time": 961.0023868083954}