{"freq": 1416400000.0, "srate": 20833333.333333332, "fft_size": 32, "decimation_factor": 250, "t_sample": 0.000384, "n_chans": 2, "run_mode": "pulsar", "target": "J0332+5434", "az": 0.0439453125, "alt": 80.74951171875, "run_type": "Transit", "RA": 51.063059005960426, "dec": 54.51110369364015, "gLon": 143.98663816122277, "gLat": -1.9908821983717022, "vlsr": -15.23215235879061, "t_start": 1735868315.5051289, "run_time": 961.0025396347046}