{"freq": 1416400000.0, "srate": 20833333.333333332, "fft_size": 32, "decimation_factor": 250, "t_sample": 0.000384, "n_chans": 2, "run_mode": "pulsar", "target": "J0332+5434", "az": 0.0439453125, "alt": 80.74951171875, "run_type": "Transit", "RA": 51.09970653553907, "dec": 54.511061680943335, "gLon": 144.004426912337, "gLat": -1.979194978768022, "vlsr": -16.22244848011345, "t_start": 1736126816.6706846, "run_time": 961.0023052692413}