{"freq": 1416400000.0, "srate": 20833333.333333332, "fft_size": 32, "decimation_factor": 250, "t_sample": 0.000384, "n_chans": 2, "run_mode": "pulsar", "target": "J0332+5434", "az": 0.0439453125, "alt": 80.74951171875, "run_type": "Transit", "RA": 51.09670501054127, "dec": 54.511220086847125, "gLon": 144.00288474513664, "gLat": -1.980023244471131, "vlsr": -14.887252801994219, "t_start": 1735782159.7632887, "run_time": 961.0027129650116}